name ,a,b,c,d,e,f,Pmax,Pmin,Bus
G1,4.05,18.07,98.87,2,15,34.6,4294.086297,0,650
G2,3,20,100,2,7,35,4294.086297,0,646
G3,4.05,15.55,104.26,0.95,10,36.49,4294.086297,0,675